id;event_name;event_date;user_id
1;Bacon withdrawal Metrics;2021-12-11T22:21:27;64626
2;Hollow;2021-12-12T06:49:34;98330
3;auxiliary Soft gold;2021-12-12T10:49:33;17174
4;invoice;2021-12-11T15:34:22;60517
5;Rustic Global;2021-12-12T07:58:47;72068
6;Planner Tuna synthesizing;2021-12-11T14:56:32;50004
7;Cambridgeshire fault-tolerant tolerance;2021-12-12T08:07:24;42683
8;Hawaii Metrics;2021-12-12T01:04:57;49279
9;transmitting;2021-12-12T03:35:56;39822
10;Ergonomic Liaison EXE;2021-12-12T00:03:00;86883
