id;mail;message;date
1;Computer encompassing Tugrik;Cambridgeshire Benin users;2021-09-29T04:34:20
2;architecture;Account Borders;2021-09-29T10:49:43
3;sky;deposit Sierra;2021-09-28T21:09:45
4;Berkshire Steel;Soft;2021-09-28T14:10:18
5;24/7 sky;interactive;2021-09-28T13:59:07
6;Concrete;gold 24/365 XML;2021-09-29T00:58:51
7;Robust;Tasty generate Lithuanian;2021-09-29T10:13:45
8;Granite Regional architecture;invoice Markets Illinois;2021-09-29T05:31:30
9;Rwanda fuchsia;applications Rubber;2021-09-28T15:58:24
10;bottom-line;Pataca Intelligent;2021-09-29T10:45:09
